task_type,group_name,source_file,item_name,prompt_description,c,a,t,parsed_ok,raw_response,error
grid,ftir_grid.png,origin_images/ftir_grid.png,r1_c1,"This is one candidate subfigure from an FTIR figure comparison grid. Evaluate scientific plotting quality, readability, aesthetics, and whether the FTIR-style figure appears complete and publication-suitable.",4.2,4.0,4.1,True,C:4.2 A:4.0 T:4.1,
grid,ftir_grid.png,origin_images/ftir_grid.png,r1_c2,"This is one candidate subfigure from an FTIR figure comparison grid. Evaluate scientific plotting quality, readability, aesthetics, and whether the FTIR-style figure appears complete and publication-suitable.",4.3,4.1,4.4,True,C:4.3 A:4.1 T:4.4,
grid,ftir_grid.png,origin_images/ftir_grid.png,r1_c3,"This is one candidate subfigure from an FTIR figure comparison grid. Evaluate scientific plotting quality, readability, aesthetics, and whether the FTIR-style figure appears complete and publication-suitable.",4.4,4.2,4.3,True,C:4.4 A:4.2 T:4.3,
grid,ftir_grid.png,origin_images/ftir_grid.png,r2_c1,"This is one candidate subfigure from an FTIR figure comparison grid. Evaluate scientific plotting quality, readability, aesthetics, and whether the FTIR-style figure appears complete and publication-suitable.",4.2,4.1,3.8,True,C:4.2 A:4.1 T:3.8,
grid,ftir_grid.png,origin_images/ftir_grid.png,r2_c2,"This is one candidate subfigure from an FTIR figure comparison grid. Evaluate scientific plotting quality, readability, aesthetics, and whether the FTIR-style figure appears complete and publication-suitable.",4.6,4.3,4.7,True,C:4.6 A:4.3 T:4.7,
grid,ftir_grid.png,origin_images/ftir_grid.png,r2_c3,"This is one candidate subfigure from an FTIR figure comparison grid. Evaluate scientific plotting quality, readability, aesthetics, and whether the FTIR-style figure appears complete and publication-suitable.",4.4,4.1,4.2,True,C:4.4 A:4.1 T:4.2,
grid,palette_grid.png,origin_images/palette_grid.png,r1_c1,"This is one candidate scientific chart from a palette comparison grid. Evaluate which subfigure is visually better and scientifically clearer, and score it on correctness, aesthetics, and completeness.",4.2,4.1,4.3,True,C:4.2 A:4.1 T:4.3,
grid,palette_grid.png,origin_images/palette_grid.png,r1_c2,"This is one candidate scientific chart from a palette comparison grid. Evaluate which subfigure is visually better and scientifically clearer, and score it on correctness, aesthetics, and completeness.",4.4,4.2,4.5,True,C:4.4 A:4.2 T:4.5,
grid,palette_grid.png,origin_images/palette_grid.png,r1_c3,"This is one candidate scientific chart from a palette comparison grid. Evaluate which subfigure is visually better and scientifically clearer, and score it on correctness, aesthetics, and completeness.",4.7,4.3,4.8,True,C:4.7 A:4.3 T:4.8,
grid,palette_grid.png,origin_images/palette_grid.png,r2_c1,"This is one candidate scientific chart from a palette comparison grid. Evaluate which subfigure is visually better and scientifically clearer, and score it on correctness, aesthetics, and completeness.",4.4,4.3,4.5,True,C:4.4 A:4.3 T:4.5,
grid,palette_grid.png,origin_images/palette_grid.png,r2_c2,"This is one candidate scientific chart from a palette comparison grid. Evaluate which subfigure is visually better and scientifically clearer, and score it on correctness, aesthetics, and completeness.",4.5,4.2,4.6,True,C:4.5 A:4.2 T:4.6,
grid,palette_grid.png,origin_images/palette_grid.png,r2_c3,"This is one candidate scientific chart from a palette comparison grid. Evaluate which subfigure is visually better and scientifically clearer, and score it on correctness, aesthetics, and completeness.",4.4,4.2,4.6,True,C:4.4 A:4.2 T:4.6,
grid,palette_grid.png,origin_images/palette_grid.png,r3_c1,"This is one candidate scientific chart from a palette comparison grid. Evaluate which subfigure is visually better and scientifically clearer, and score it on correctness, aesthetics, and completeness.",4.1,4.3,4.4,True,C:4.1 A:4.3 T:4.4,
grid,palette_grid.png,origin_images/palette_grid.png,r3_c2,"This is one candidate scientific chart from a palette comparison grid. Evaluate which subfigure is visually better and scientifically clearer, and score it on correctness, aesthetics, and completeness.",3.8,3.6,3.7,True,C:3.8 A:3.6 T:3.7,
grid,palette_grid.png,origin_images/palette_grid.png,r3_c3,"This is one candidate scientific chart from a palette comparison grid. Evaluate which subfigure is visually better and scientifically clearer, and score it on correctness, aesthetics, and completeness.",4.4,4.2,4.5,True,C:4.4 A:4.2 T:4.5,
grid,xps_grid.png,origin_images/xps_grid.png,r1_c1,"This is one candidate subfigure from an XPS figure comparison grid. Evaluate scientific plotting quality, readability, aesthetics, and whether the XPS-style figure appears complete and publication-suitable.",4.4,4.3,4.6,True,C:4.4 A:4.3 T:4.6,
grid,xps_grid.png,origin_images/xps_grid.png,r1_c2,"This is one candidate subfigure from an XPS figure comparison grid. Evaluate scientific plotting quality, readability, aesthetics, and whether the XPS-style figure appears complete and publication-suitable.",4.5,4.4,4.6,True,C:4.5 A:4.4 T:4.6,
grid,xps_grid.png,origin_images/xps_grid.png,r1_c3,"This is one candidate subfigure from an XPS figure comparison grid. Evaluate scientific plotting quality, readability, aesthetics, and whether the XPS-style figure appears complete and publication-suitable.",4.4,4.3,4.5,True,C:4.4 A:4.3 T:4.5,
grid,xps_grid.png,origin_images/xps_grid.png,r2_c1,"This is one candidate subfigure from an XPS figure comparison grid. Evaluate scientific plotting quality, readability, aesthetics, and whether the XPS-style figure appears complete and publication-suitable.",4.2,4.0,3.8,True,C:4.2 A:4.0 T:3.8,
grid,xps_grid.png,origin_images/xps_grid.png,r2_c2,"This is one candidate subfigure from an XPS figure comparison grid. Evaluate scientific plotting quality, readability, aesthetics, and whether the XPS-style figure appears complete and publication-suitable.",4.4,4.2,4.5,True,C:4.4 A:4.2 T:4.5,
grid,xps_grid.png,origin_images/xps_grid.png,r2_c3,"This is one candidate subfigure from an XPS figure comparison grid. Evaluate scientific plotting quality, readability, aesthetics, and whether the XPS-style figure appears complete and publication-suitable.",4.5,4.2,4.4,True,C:4.5 A:4.2 T:4.4,
grid,xrd_grid.png,origin_images/xrd_grid.png,r1_c1,"This is one candidate subfigure from an XRD figure comparison grid. Evaluate scientific plotting quality, readability, aesthetics, and whether the XRD-style figure appears complete and publication-suitable.",4.2,4.0,4.4,True,C:4.2 A:4.0 T:4.4,
grid,xrd_grid.png,origin_images/xrd_grid.png,r1_c2,"This is one candidate subfigure from an XRD figure comparison grid. Evaluate scientific plotting quality, readability, aesthetics, and whether the XRD-style figure appears complete and publication-suitable.",4.6,4.4,4.8,True,C:4.6 A:4.4 T:4.8,
grid,xrd_grid.png,origin_images/xrd_grid.png,r1_c3,"This is one candidate subfigure from an XRD figure comparison grid. Evaluate scientific plotting quality, readability, aesthetics, and whether the XRD-style figure appears complete and publication-suitable.",4.6,4.5,4.7,True,C:4.6 A:4.5 T:4.7,
grid,xrd_grid.png,origin_images/xrd_grid.png,r2_c1,"This is one candidate subfigure from an XRD figure comparison grid. Evaluate scientific plotting quality, readability, aesthetics, and whether the XRD-style figure appears complete and publication-suitable.",4.6,4.4,4.7,True,C:4.6 A:4.4 T:4.7,
grid,xrd_grid.png,origin_images/xrd_grid.png,r2_c2,"This is one candidate subfigure from an XRD figure comparison grid. Evaluate scientific plotting quality, readability, aesthetics, and whether the XRD-style figure appears complete and publication-suitable.",4.7,4.5,4.8,True,C:4.7 A:4.5 T:4.8,
grid,xrd_grid.png,origin_images/xrd_grid.png,r2_c3,"This is one candidate subfigure from an XRD figure comparison grid. Evaluate scientific plotting quality, readability, aesthetics, and whether the XRD-style figure appears complete and publication-suitable.",4.3,4.2,4.5,True,C:4.3 A:4.2 T:4.5,
folder,XRD,origin_images/XRD/图1.png,图1.png,"This figure should be an XRD-style scientific plot. Evaluate data presentation quality, axis/legend readability, publication aesthetics, and whether the necessary XRD elements appear complete.",4.6,4.2,4.4,True,C:4.6 A:4.2 T:4.4,
folder,XRD,origin_images/XRD/图2.png,图2.png,"This figure should be an XRD-style scientific plot. Evaluate data presentation quality, axis/legend readability, publication aesthetics, and whether the necessary XRD elements appear complete.",4.3,4.2,4.1,True,C:4.3 A:4.2 T:4.1,
folder,XRD,origin_images/XRD/图3.png,图3.png,"This figure should be an XRD-style scientific plot. Evaluate data presentation quality, axis/legend readability, publication aesthetics, and whether the necessary XRD elements appear complete.",4.8,4.5,4.9,True,C:4.8 A:4.5 T:4.9,
folder,XRD,origin_images/XRD/图4.png,图4.png,"This figure should be an XRD-style scientific plot. Evaluate data presentation quality, axis/legend readability, publication aesthetics, and whether the necessary XRD elements appear complete.",4.5,4.4,4.7,True,C:4.5 A:4.4 T:4.7,
folder,XPS,origin_images/XPS/图1.png,图1.png,"This figure should be an XPS-style scientific plot. Evaluate data presentation quality, fitted components or peak information if present, publication aesthetics, and completeness.",4.1,4.2,4.0,True,C:4.1 A:4.2 T:4.0,
folder,XPS,origin_images/XPS/图2.png,图2.png,"This figure should be an XPS-style scientific plot. Evaluate data presentation quality, fitted components or peak information if present, publication aesthetics, and completeness.",4.5,4.2,4.4,True,C:4.5 A:4.2 T:4.4,
folder,XPS,origin_images/XPS/图3.png,图3.png,"This figure should be an XPS-style scientific plot. Evaluate data presentation quality, fitted components or peak information if present, publication aesthetics, and completeness.",4.2,4.0,3.8,True,C:4.2 A:4.0 T:3.8,
folder,XPS,origin_images/XPS/图4.png,图4.png,"This figure should be an XPS-style scientific plot. Evaluate data presentation quality, fitted components or peak information if present, publication aesthetics, and completeness.",4.6,4.2,4.7,True,C:4.6 A:4.2 T:4.7,
folder,roman,origin_images/roman/图1.png,图1.png,"This figure should be a Raman-style scientific plot. Evaluate data presentation quality, readability, publication aesthetics, and whether the Raman plot appears complete.",3.6,3.8,3.4,True,C:3.6 A:3.8 T:3.4,
folder,roman,origin_images/roman/图2.png,图2.png,"This figure should be a Raman-style scientific plot. Evaluate data presentation quality, readability, publication aesthetics, and whether the Raman plot appears complete.",4.6,4.2,4.7,True,C:4.6 A:4.2 T:4.7,
folder,roman,origin_images/roman/图3.png,图3.png,"This figure should be a Raman-style scientific plot. Evaluate data presentation quality, readability, publication aesthetics, and whether the Raman plot appears complete.",4.4,4.2,4.6,True,C:4.4 A:4.2 T:4.6,
folder,roman,origin_images/roman/图4.png,图4.png,"This figure should be a Raman-style scientific plot. Evaluate data presentation quality, readability, publication aesthetics, and whether the Raman plot appears complete.",4.1,4.3,4.4,True,C:4.1 A:4.3 T:4.4,
folder,FTIR,origin_images/FTIR/图1.png,图1.png,"This figure should be an FTIR-style scientific plot. Evaluate data presentation quality, readability, publication aesthetics, and whether the FTIR plot appears complete.",3.4,3.2,3.6,True,C:3.4 A:3.2 T:3.6,
folder,FTIR,origin_images/FTIR/图2.png,图2.png,"This figure should be an FTIR-style scientific plot. Evaluate data presentation quality, readability, publication aesthetics, and whether the FTIR plot appears complete.",3.8,3.3,4.2,True,C:3.8 A:3.3 T:4.2,
folder,FTIR,origin_images/FTIR/图3.png,图3.png,"This figure should be an FTIR-style scientific plot. Evaluate data presentation quality, readability, publication aesthetics, and whether the FTIR plot appears complete.",4.2,3.8,4.4,True,C:4.2 A:3.8 T:4.4,
folder,FTIR,origin_images/FTIR/图4.png,图4.png,"This figure should be an FTIR-style scientific plot. Evaluate data presentation quality, readability, publication aesthetics, and whether the FTIR plot appears complete.",4.1,4.0,4.2,True,C:4.1 A:4.0 T:4.2,
